<?xml version="1.0" encoding="UTF-8"?>
<project-private xmlns="http://www.netbeans.org/ns/project-private/1">
    <editor-bookmarks xmlns="http://www.netbeans.org/ns/editor-bookmarks/2" lastBookmarkId="0"/>
    <open-files xmlns="http://www.netbeans.org/ns/projectui-open-files/2">
        <group>
            <file>file:/D:/Documentos/NetBeansProjects/App%20Parque%20Automotor/src/Controlador/Controlador_U.java</file>
            <file>file:/D:/Documentos/NetBeansProjects/App%20Parque%20Automotor/src/Vista/GESTOR_PRINCIPAL.java</file>
            <file>file:/D:/Documentos/NetBeansProjects/App%20Parque%20Automotor/src/App/Principal.java</file>
            <file>file:/D:/Documentos/NetBeansProjects/App%20Parque%20Automotor/src/Controlador/Controlador_L.java</file>
            <file>file:/D:/Documentos/NetBeansProjects/App%20Parque%20Automotor/src/Vista/GESTOR_USUARIO.java</file>
            <file>file:/D:/Documentos/NetBeansProjects/App%20Parque%20Automotor/src/Modelo/Conexion.java</file>
            <file>file:/D:/Documentos/NetBeansProjects/App%20Parque%20Automotor/src/Controlador/Controlador_P.java</file>
        </group>
    </open-files>
</project-private>
